ordinal,form_code,source_page,source_locator,source_refs,original_text,proposal_id,proposal_digest,decision_kind,result_history_state,source_mapping_state
1,AGA 048.100,1,PDF page 1; protocol AGA 048.100; Protocol question column,NAMCARs 139.17.2; NAMCATS 139.17.2,"Is a maintenance mechanism established at the aerodrome to maintain facilities in a condition which does not impair the safety, regularity, or efficiency of air navigation?",proposal-preview-79ed818f6480a400,sha256:77454a231cde8e5f202fae8ab4d02b34f1e1df6e006888888c20d985ed1c8bc5,,NOT_SUPPLIED,SOURCE_MAPPING_REQUIRED
2,AGA 048.102,1,PDF page 1; protocol AGA 048.102; Protocol question column,NAMCARs 139.17.2; NAMCATS 139.17.2,Is a system of preventive maintenance of disabled aircraft removal equipment employed to ensure effectiveness of the equipment and compliance with the specified procedure for the removal of disabled aircraft?,proposal-preview-15752e078e577715,sha256:dfd56af6a2395a96797eabe8b274923103e4c878c5177cb4cb04b7cb3ae21b8d,,NOT_SUPPLIED,SOURCE_MAPPING_REQUIRED
3,AGA 048.104,2,PDF page 2; protocol AGA 048.104; Protocol question column,NAMCARs 139.17.2; NAMCATS 139.17.2,Is a system of reducing wildlife strikes employed at the aerodrome?,proposal-preview-751c35c86a234409,sha256:60cfb95cefa965b5d982da8f3db1a07f12af9beb129d2d203fefb62328d496b8,,NOT_SUPPLIED,SOURCE_MAPPING_REQUIRED
4,AGA 048.106,2,PDF page 2; protocol AGA 048.106; Protocol question column,NAMCARs 139.17.2; NAMCATS 139.17.2,"Is a system of preventive maintenance of electrical system employed to ensure effectiveness of the equipment and compliance with the specified requirements for primary supply, secondary supply, and switch-over time?",proposal-preview-2c91b6d75d608e51,sha256:88f5e557e2514be8511dab7ce16ed0936a0ef52fe1f1c7e099a97a2ed6177914,,NOT_SUPPLIED,SOURCE_MAPPING_REQUIRED
5,AGA 048.202,2,PDF page 2; protocol AGA 048.202; Protocol question column,NAMCARs 139.17.2; NAMCATS 139.17.2,Are the surfaces of all movement areas inspected and their conditions monitored regularly as part of an aerodrome preventive and corrective maintenance mechanism with the objective of avoiding and eliminating any loose objects/debris that might cause damage to aircraft or impair the operation of aircraft systems?,proposal-preview-831cda1b45c2152a,sha256:02e9cd3cd9e3303c72b7b6f0e56cb085fa0d4b5ba2e8831add74323a8723fa3c,,NOT_SUPPLIED,SOURCE_MAPPING_REQUIRED
6,AGA 048.204,3,PDF page 3; protocol AGA 048.204; Protocol question column,NAMCARs 139.17.2; NAMCATS 139.17.2,Is the surface of the runway and taxiway shoulders maintained to be free of any loose stones or other objects that could be ingested by the aeroplane engines?,proposal-preview-2a596d013ac48fea,sha256:0e56a6b87de8e14f5bb2ccd4dd9cc92b06213d69dd4632114c290da03fa36bc3,,NOT_SUPPLIED,SOURCE_MAPPING_REQUIRED
7,AGA 048.206,3,PDF page 3; protocol AGA 048.206; Protocol question column,NAMCARs 139.17.2; NAMCATS 139.17.2,"Is there a programme in place to ensure that standing water, mud, dust, sand, oil, rubber deposits and other contaminants are removed from the surface of runways in use as rapidly and completely as possible to minimize accumulation?",proposal-preview-fc2c5322af5d50a5,sha256:a7fdc97c0eb740b9817021de1bd0cf0d7171c5de36c54574b93f6db0209c9ae6,,NOT_SUPPLIED,SOURCE_MAPPING_REQUIRED
8,AGA 048.208,3,PDF page 3; protocol AGA 048.208; Protocol question column,NAMCARs 139.17.2; NAMCATS 139.17.2,Does the preventive maintenance programme include the water hydrant system?,proposal-preview-4ffcda92a6efb3ca,sha256:9b6d6325be0a885ec8d3613d4d3fefdb088ab2a02d6d73f5dc2fd490852faf0c,,NOT_SUPPLIED,SOURCE_MAPPING_REQUIRED
9,AGA 048.210,3,PDF page 3; protocol AGA 048.210; Protocol question column,NAMCARs 139.17.2; NAMCATS 139.17.2,Does the preventive maintenance programme include the sweepers and other pavement maintenance vehicles?,proposal-preview-50ee8f99d693a6a2,sha256:130bad99548f3faaa8081aeae5ac195e6b330ad17d388898181a0ee0c4768b53,,NOT_SUPPLIED,SOURCE_MAPPING_REQUIRED
10,AGA 048.302,4,PDF page 4; protocol AGA 048.302; Protocol question column,NAMCARs 139.17.6; NAMCATS 139.17.6,"Is a system of preventive maintenance of visual aids employed to ensure lighting, marking, signage and electrical system reliability?",proposal-preview-68f26dd476da4f2b,sha256:7595c50673b059628caa40fa76ee436295e53bab325a6cddc64abe4952cc0ec6,,NOT_SUPPLIED,SOURCE_MAPPING_REQUIRED
11,AGA 048.304,4,PDF page 4; protocol AGA 048.304; Protocol question column,NAMCARs 139.17.6; NAMCATS 139.17.6,Is there an adequate stock of spare parts available for the maintenance personnel?,proposal-preview-4ce75341296fee02,sha256:6faf515af549d681b7d794507ce0f7c53e6faf14749f35df121a68e5e5e5fb0b,,NOT_SUPPLIED,SOURCE_MAPPING_REQUIRED
12,AGA 048.306,4,PDF page 4; protocol AGA 048.306; Protocol question column,NAMCARs 139.17.6; NAMCATS 139.17.6,Does the maintenance schedule of lights and other equipment follow the recommendations of the manufacturer to ensure the required service standard?,proposal-preview-74137222085374f5,sha256:ec94c931c98988a9296feefa094ef863193b65b21998e8ada4f3f074276d83fe,,NOT_SUPPLIED,SOURCE_MAPPING_REQUIRED
13,AGA 048.402,4,PDF page 4; protocol AGA 048.402; Protocol question column,NAMCARs 139.16.3; NAMCATS 139.16.3,Has the aerodrome operator determined the fire category in accordance with the largest aeroplane type conducting regular air operations to and from the aerodrome?,proposal-preview-5111ba55434cb6a7,sha256:3c72363a684cadeac4dc25285ba5c506ec31ca78e7387be9f9fa80ac01753e4b,,NOT_SUPPLIED,SOURCE_MAPPING_REQUIRED
14,AGA 048.502,5,PDF page 5; protocol AGA 048.502; Protocol question column,NAMCARs 139.16.3; NAMCATS 139.16.3,Has the aerodrome operator determined the number of fire vehicles required to meet the minimum extinguishing agents and rescue equipment?,proposal-preview-ff8519aa0e997024,sha256:1202e283da89f133fc8752c00a2ab46a0686e24a7ac60d3e5cd45362a17d4f71,,NOT_SUPPLIED,SOURCE_MAPPING_REQUIRED
15,AGA 048.504,5,PDF page 5; protocol AGA 048.504; Protocol question column,NAMCARs 139.16.3; NAMCATS 139.16.3,Is each rescue and fire fighting vehicle equipped with adequate two-way radio communication?,proposal-preview-19b16796f80e3e6c,sha256:059a0e3b2212f369982bdeec3430308ee9c2a2c157ca70079a5b9e433be12f16,,NOT_SUPPLIED,SOURCE_MAPPING_REQUIRED
16,AGA 048.506,5,PDF page 5; protocol AGA 048.506; Protocol question column,NAMCARs 139.16.3; NAMCATS 139.16.3,Are each rescue and fire- fighting vehicle equipped with adequate fire-fighting equipment?,proposal-preview-1636737af127cd26,sha256:4f0a16150762c48bd8a9aa0ce73fc4cb2057d359f9b894be192b07c643fea432,,NOT_SUPPLIED,SOURCE_MAPPING_REQUIRED
17,AGA 048.508,6,PDF page 6; protocol AGA 048.508; Protocol question column,NAMCARs 139.16.3; NAMCATS 139.16.3,Does the Aerodrome have adequate rescue equipment at the scene of any aircraft accident?,proposal-preview-31514b0edb2031a0,sha256:6c500ad7a81771833c1675ba2ae89f85a8909ca3c30b94cb4cc5ee86e1a4aaf9,,NOT_SUPPLIED,SOURCE_MAPPING_REQUIRED
18,AGA 048.602,7,PDF page 7; protocol AGA 048.602; Protocol question column,NAMCARs 139.16.3; NAMCATS 139.16.3,Is the response time in optimum visibility and surface conditions conform to the requirements?,proposal-preview-a02adda4f27b56df,sha256:5b19ef5c32e359687a86e021874a7c0133c59d5398db5d8e5a6644d76ff57109,,NOT_SUPPLIED,SOURCE_MAPPING_REQUIRED
19,AGA 048.604,7,PDF page 7; protocol AGA 048.604; Protocol question column,NAMCARs 139.16.3; NAMCATS 139.16.3,Are the rescue and fire fighting vehicles able to respond 1000 m from the threshold of each runway in the approach?,proposal-preview-65b570de76a396bc,sha256:129792d55386d05f8f2c8328b12218e798f5c4c962a8d5587a5feb9507a2ee3c,,NOT_SUPPLIED,SOURCE_MAPPING_REQUIRED
20,AGA 048.802,7,PDF page 7; protocol AGA 048.802; Protocol question column,NAMCARs 139.17.2; NAMCATS 139.17.2,Does the aerodrome operator have a mechanism in place to maintain fire fighting vehicle or vehicles?,proposal-preview-454eb55b8d8e5548,sha256:3dec519d7167f055d04d73ddd079b0440543d735e141f7956e1910747660ec9f,,NOT_SUPPLIED,SOURCE_MAPPING_REQUIRED
21,AGA 048.804,8,PDF page 8; protocol AGA 048.804; Protocol question column,NAMCARs 139.17.2; NAMCATS 139.17.2,"Does the aerodrome operator carry out maintenance, and testing of the water refill source and associated distribution system regularly?",proposal-preview-86d68a2ea2b5f84d,sha256:3b348536538d0b76625f4c168e52dd8f263112f6124df315e2001f30f1305b19,,NOT_SUPPLIED,SOURCE_MAPPING_REQUIRED
22,AGA 048.806,8,PDF page 8; protocol AGA 048.806; Protocol question column,NAMCARs 139.17.2; NAMCATS 139.17.2,Does the aerodrome operator regularly conduct inspection and physical tests where necessary on the emergency gate/s?,proposal-preview-b1ccedeb5a9884bd,sha256:2bab68bfd949035be24cebd07d43d7805a630c40c8c0ed3e8528c9ae9fd8e944,,NOT_SUPPLIED,SOURCE_MAPPING_REQUIRED
23,AGA 048.1002,8,PDF page 8; protocol AGA 048.1002; Protocol question column,NAMCARs 139.16.3; NAMCATS 139.16.3,Does the aerodrome operator have an adequate system to assess initial and continuous fitness of rescue and fire fighting personnel?,proposal-preview-b2af19242c8fa48d,sha256:6824bb202f07b756dd52d720c64cc6b1ebae5cdc63c44e992f32ac0383a6416e,,NOT_SUPPLIED,SOURCE_MAPPING_REQUIRED
24,AGA 048.1004,8,PDF page 8; protocol AGA 048.1004; Protocol question column,NAMCARs 139.16.3; NAMCATS 139.16.3,Are all responding rescue and fire fighting personnel are provided with protective clothing and respiratory equipment?,proposal-preview-aa1d97f7f5001bfd,sha256:7e066e7184bb9aabe64566a1a32f7d576f74ead10860bb8e19317ebaa7b67eb4,,NOT_SUPPLIED,SOURCE_MAPPING_REQUIRED
25,AGA 048.1102,8,PDF page 8; protocol AGA 048.1102; Protocol question column,NAMCARs 139.01.7; NAMCATS 139.01.7,Does the aerodrome employ an operating procedure for notification of aerodrome data and reporting changes to aerodrome information?,proposal-preview-f8bf336cd1590c5e,sha256:8bedf5b0b2933f0ab69bcb335539bc5ef15c789a886fda4664b367c65c6f526a,,NOT_SUPPLIED,SOURCE_MAPPING_REQUIRED
26,AGA 048.1104,8,PDF page 8; protocol AGA 048.1104; Protocol question column,NAMCARs 139.01.7; NAMCATS 139.01.7,Does the procedure for notification of aerodrome and reporting changes clearly identify the information that require the issuance of a NOTAM?,proposal-preview-4469bd8873c29acc,sha256:96886c59589376dd35cf9846cfa45704a99a3fd3972a1c7498c98f5323ed6f07,,NOT_SUPPLIED,SOURCE_MAPPING_REQUIRED
27,AGA 048.1106,9,PDF page 9; protocol AGA 048.1106; Protocol question column,NAMCARs 139.01.7; NAMCATS 139.01.7,Does the aerodrome employ an operating procedure for reporting safety occurrences?,proposal-preview-8bafb039ea028382,sha256:4827ca1c12ccc665f7158f06a64698250e2d059269553cf9630d9016474e4af6,,NOT_SUPPLIED,SOURCE_MAPPING_REQUIRED
28,AGA 048.1108,9,PDF page 9; protocol AGA 048.1108; Protocol question column,NAMCARs 139.08.4; NAMCATS 139.08.4; NAMCARs 139.08.6; NAMCATS 139.08.6,Does the incidence reporting procedure include investigation and sharing the report with stakeholders?,proposal-preview-68ab6f8d6092e7a5,sha256:cc6391a5520269ddf3e37ad33b3b7ada64f0a622101266bb3f871d8a1c51346f,,NOT_SUPPLIED,SOURCE_MAPPING_REQUIRED
